
INSERT INTO book (id, title, author, cover, publishedyear, available, comments) VALUES (2, 'The Lord of the Rings', 'J. R. R. Tolkien', 'H', 1954, true, NULL);
INSERT INTO book (id, title, author, cover, publishedyear, available, comments) VALUES (3, 'The Hobbit', 'J. R. R. Tolkien', 'P', 1937, true, NULL);
INSERT INTO book (id, title, author, cover, publishedyear, available, comments) VALUES (4, '红楼梦 (Dream of the Red Chamber)', 'Cao Xueqin', 'H', 1759, false, NULL);
INSERT INTO book (id, title, author, cover, publishedyear, available, comments) VALUES (5, 'And Then There Were None', 'Agatha Christie', 'P', 1939, true, NULL);
INSERT INTO book (id, title, author, cover, publishedyear, available, comments) VALUES (6, 'The Lion, the Witch and the Wardrobe', 'C. S. Lewis', 'P', 1950, true, NULL);
INSERT INTO book (id, title, author, cover, publishedyear, available, comments) VALUES (7, 'She', 'H. Rider Haggard', 'P', 1887, true, NULL);
INSERT INTO book (id, title, author, cover, publishedyear, available, comments) VALUES (8, 'Le Petit Prince (The Little Prince)', 'Antoine de Saint-Exupéry', 'P', 1943, true, NULL);
INSERT INTO book (id, title, author, cover, publishedyear, available, comments) VALUES (9, 'The Da Vinci Code', 'Dan Brown', 'P', 2003, false, NULL);
INSERT INTO book (id, title, author, cover, publishedyear, available, comments) VALUES (10, 'Think and Grow Rich', 'Napoleon Hill', 'P', 1937, true, NULL);
INSERT INTO book (id, title, author, cover, publishedyear, available, comments) VALUES (11, 'The Catcher in the Rye', 'J. D. Salinger', 'P', 1951, true, NULL);
INSERT INTO book (id, title, author, cover, publishedyear, available, comments) VALUES (12, 'O Alquimista (The Alchemist)', 'Paulo Coelho', 'P', 1988, false, NULL);
INSERT INTO book (id, title, author, cover, publishedyear, available, comments) VALUES (13, 'Steps to Christ', 'Ellen G. White', 'P', 1892, true, NULL);
INSERT INTO book (id, title, author, cover, publishedyear, available, comments) VALUES (14, 'Lolita', 'Vladimir Nabokov', 'P', 1955, true, NULL);
INSERT INTO book (id, title, author, cover, publishedyear, available, comments) VALUES (15, 'Heidis Lehr- und Wanderjahre (Heidi''s Years of Wandering and Learning)', 'Johanna Spyri', 'P', 1880, true, NULL);
INSERT INTO book (id, title, author, cover, publishedyear, available, comments) VALUES (16, 'The Common Sense Book of Baby and Child Care', 'Dr. Benjamin Spock', 'P', 1946, true, NULL);
INSERT INTO book (id, title, author, cover, publishedyear, available, comments) VALUES (17, 'Anne of Green Gables', 'Lucy Maud Montgomery', 'P', 1908, true, NULL);
INSERT INTO book (id, title, author, cover, publishedyear, available, comments) VALUES (18, 'Black Beauty: His Grooms and Companions: The autobiography of a horse', 'Anna Sewell', 'P', 1877, true, NULL);
INSERT INTO book (id, title, author, cover, publishedyear, available, comments) VALUES (19, 'Il Nome della Rosa (The Name of the Rose)', 'Umberto Eco', 'D', 1980, true, NULL);
INSERT INTO book (id, title, author, cover, publishedyear, available, comments) VALUES (20, 'The Hite Report', 'Shere Hite', 'P', 1976, true, NULL);
INSERT INTO book (id, title, author, cover, publishedyear, available, comments) VALUES (21, 'Charlotte''s Web', 'E.B. White; illustrated by Garth Williams', 'P', 1952, true, NULL);
INSERT INTO book (id, title, author, cover, publishedyear, available, comments) VALUES (22, 'The Tale of Peter Rabbit', 'Beatrix Potter', 'P', 1902, true, NULL);
INSERT INTO book (id, title, author, cover, publishedyear, available, comments) VALUES (23, 'Harry Potter and the Deathly Hallows', 'J. K. Rowling', 'P', 2007, true, NULL);
INSERT INTO book (id, title, author, cover, publishedyear, available, comments) VALUES (24, 'Jonathan Livingston Seagull', 'Richard Bach', 'P', 1970, true, NULL);
INSERT INTO book (id, title, author, cover, publishedyear, available, comments) VALUES (26, 'Angels and Demons', 'Dan Brown', 'P', 2000, true, NULL);
INSERT INTO book (id, title, author, cover, publishedyear, available, comments) VALUES (27, 'Как закалялась сталь (Kak zakalyalas'' stal''; How the Steel Was Tempered)', 'Nikolai Ostrovsky', 'P', 1932, true, NULL);
INSERT INTO book (id, title, author, cover, publishedyear, available, comments) VALUES (28, 'Война и мир (Voyna i mir; War and Peace)', 'Leo Tolstoy', 'P', 1869, true, NULL);
INSERT INTO book (id, title, author, cover, publishedyear, available, comments) VALUES (29, 'Le avventure di Pinocchio. Storia di un burattino (The Adventures of Pinocchio)', 'Carlo Collodi', 'P', 1881, true, NULL);
INSERT INTO book (id, title, author, cover, publishedyear, available, comments) VALUES (30, 'You Can Heal Your Life', 'Louise Hay', 'P', 1984, true, NULL);
INSERT INTO book (id, title, author, cover, publishedyear, available, comments) VALUES (31, 'Kane and Abel', 'Jeffrey Archer', 'P', 1979, true, NULL);
INSERT INTO book (id, title, author, cover, publishedyear, available, comments) VALUES (32, 'Het Achterhuis (The Diary of a Young Girl, The Diary of Anne Frank)', 'Anne Frank', 'P', 1947, true, NULL);
INSERT INTO book (id, title, author, cover, publishedyear, available, comments) VALUES (33, 'In His Steps: What Would Jesus Do?', 'Charles M. Sheldon', 'P', 1896, true, NULL);
INSERT INTO book (id, title, author, cover, publishedyear, available, comments) VALUES (34, 'To Kill a Mockingbird', 'Harper Lee', 'P', 1960, true, NULL);
INSERT INTO book (id, title, author, cover, publishedyear, available, comments) VALUES (35, 'Valley of the Dolls', 'Jacqueline Susann', 'P', 1966, true, NULL);
INSERT INTO book (id, title, author, cover, publishedyear, available, comments) VALUES (36, 'Gone with the Wind', 'Margaret Mitchell', 'P', 1936, true, NULL);
INSERT INTO book (id, title, author, cover, publishedyear, available, comments) VALUES (37, 'Cien Años de Soledad (One Hundred Years of Solitude)', 'Gabriel García Márquez', 'P', 1967, true, NULL);
INSERT INTO book (id, title, author, cover, publishedyear, available, comments) VALUES (38, 'The Purpose Driven Life', 'Rick Warren', 'P', 2002, true, NULL);
INSERT INTO book (id, title, author, cover, publishedyear, available, comments) VALUES (39, 'The Thorn Birds', 'Colleen McCullough', 'P', 1977, true, NULL);
INSERT INTO book (id, title, author, cover, publishedyear, available, comments) VALUES (40, 'The Revolt of Mamie Stover', 'William Bradford Huie', 'P', 1951, true, NULL);
INSERT INTO book (id, title, author, cover, publishedyear, available, comments) VALUES (41, 'The Girl with the Dragon Tattoo (original title: Män som hatar kvinnor)', 'Stieg Larsson', 'P', 2005, true, NULL);
INSERT INTO book (id, title, author, cover, publishedyear, available, comments) VALUES (42, 'The Very Hungry Caterpillar', 'Eric Carle', 'P', 1969, true, NULL);
INSERT INTO book (id, title, author, cover, publishedyear, available, comments) VALUES (43, 'Sophie''s World', 'Jostein Gaarder', 'P', 1991, true, NULL);
INSERT INTO book (id, title, author, cover, publishedyear, available, comments) VALUES (1, 'A Tale of Two Cities2', 'Charles Dickens', 'P', 1859, true, '');

INSERT INTO owners (id, first_name, last_name, address, city, telephone) VALUES (1, 'George', 'Franklin', '110 W. Liberty St.', 'Madison', '6085551023');
INSERT INTO owners (id, first_name, last_name, address, city, telephone) VALUES (2, 'Betty', 'Davis', '638 Cardinal Ave.', 'Sun Prairie', '6085551749');
INSERT INTO owners (id, first_name, last_name, address, city, telephone) VALUES (3, 'Eduardo', 'Rodriquez', '2693 Commerce St.', 'McFarland', '6085558763');
INSERT INTO owners (id, first_name, last_name, address, city, telephone) VALUES (4, 'Harold', 'Davis', '563 Friendly St.', 'Windsor', '6085553198');
INSERT INTO owners (id, first_name, last_name, address, city, telephone) VALUES (5, 'Peter', 'McTavish', '2387 S. Fair Way', 'Madison', '6085552765');
INSERT INTO owners (id, first_name, last_name, address, city, telephone) VALUES (6, 'Jean', 'Coleman', '105 N. Lake St.', 'Monona', '6085552654');
INSERT INTO owners (id, first_name, last_name, address, city, telephone) VALUES (7, 'Jeff', 'Black', '1450 Oak Blvd.', 'Monona', '6085555387');
INSERT INTO owners (id, first_name, last_name, address, city, telephone) VALUES (9, 'David', 'Schroeder', '2749 Blackhawk Trail', 'Madison', '6085559435');
INSERT INTO owners (id, first_name, last_name, address, city, telephone) VALUES (10, 'Carlos2', 'Estaban', '2335 Independence La.', 'Waunakee', '6085555487');
INSERT INTO owners (id, first_name, last_name, address, city, telephone) VALUES (8, 'Maria', 'Escobito', '345 Maple St.', 'Madison', '6085557683');

INSERT INTO pets (id, name, birth_date, type_id, owner_id) VALUES (1, 'Leo', '2010-09-07', 1, 1);
INSERT INTO pets (id, name, birth_date, type_id, owner_id) VALUES (2, 'Basil', '2012-08-06', 6, 2);
INSERT INTO pets (id, name, birth_date, type_id, owner_id) VALUES (3, 'Rosy', '2011-04-17', 2, 3);
INSERT INTO pets (id, name, birth_date, type_id, owner_id) VALUES (4, 'Jewel', '2010-03-07', 2, 3);
INSERT INTO pets (id, name, birth_date, type_id, owner_id) VALUES (5, 'Iggy', '2010-11-30', 3, 4);
INSERT INTO pets (id, name, birth_date, type_id, owner_id) VALUES (6, 'George', '2010-01-20', 4, 5);
INSERT INTO pets (id, name, birth_date, type_id, owner_id) VALUES (7, 'Samantha', '2012-09-04', 1, 6);
INSERT INTO pets (id, name, birth_date, type_id, owner_id) VALUES (8, 'Max', '2012-09-04', 1, 6);
INSERT INTO pets (id, name, birth_date, type_id, owner_id) VALUES (9, 'Lucky', '2011-08-06', 5, 7);
INSERT INTO pets (id, name, birth_date, type_id, owner_id) VALUES (10, 'Mulligan', '2007-02-24', 2, 8);
INSERT INTO pets (id, name, birth_date, type_id, owner_id) VALUES (11, 'Freddy', '2010-03-09', 5, 9);
INSERT INTO pets (id, name, birth_date, type_id, owner_id) VALUES (12, 'Lucky', '2010-06-24', 2, 10);
INSERT INTO pets (id, name, birth_date, type_id, owner_id) VALUES (13, 'Sly', '2012-06-08', 1, 10);

INSERT INTO specialties (id, name) VALUES (1, 'radiology');
INSERT INTO specialties (id, name) VALUES (2, 'surgery');
INSERT INTO specialties (id, name) VALUES (3, 'dentistry');

INSERT INTO types (id, name) VALUES (1, 'cat');
INSERT INTO types (id, name) VALUES (2, 'dog');
INSERT INTO types (id, name) VALUES (3, 'lizard');
INSERT INTO types (id, name) VALUES (4, 'snake');
INSERT INTO types (id, name) VALUES (5, 'bird');
INSERT INTO types (id, name) VALUES (6, 'hamster');

INSERT INTO vet_specialties (vet_id, specialty_id) VALUES (2, 1);
INSERT INTO vet_specialties (vet_id, specialty_id) VALUES (3, 2);
INSERT INTO vet_specialties (vet_id, specialty_id) VALUES (3, 3);
INSERT INTO vet_specialties (vet_id, specialty_id) VALUES (4, 2);
INSERT INTO vet_specialties (vet_id, specialty_id) VALUES (5, 1);

INSERT INTO vets (id, first_name, last_name) VALUES (1, 'James', 'Carter');
INSERT INTO vets (id, first_name, last_name) VALUES (2, 'Helen', 'Leary');
INSERT INTO vets (id, first_name, last_name) VALUES (3, 'Linda', 'Douglas');
INSERT INTO vets (id, first_name, last_name) VALUES (4, 'Rafael', 'Ortega');
INSERT INTO vets (id, first_name, last_name) VALUES (5, 'Henry', 'Stevens');
INSERT INTO vets (id, first_name, last_name) VALUES (6, 'Sharon', 'Jenkins');

INSERT INTO visits (id, pet_id, visit_date, description) VALUES (1, 7, '2013-01-01', 'rabies shot');
INSERT INTO visits (id, pet_id, visit_date, description) VALUES (2, 8, '2013-01-02', 'rabies shot');
INSERT INTO visits (id, pet_id, visit_date, description) VALUES (3, 8, '2013-01-03', 'neutered');
INSERT INTO visits (id, pet_id, visit_date, description) VALUES (4, 7, '2013-01-04', 'spayed');




